hash_email,team
WobwVaJe2ODQ3Xj+U2PDcL1NuO2S1UcsHf0qpcQnkUY=,A
Sdrzf/pZoefuk7wvGQxWHgyQi+sSE+T1loCbIwdOIxc=,B
LuTtu2Lt+CllWe4dhE2MWGIGuqjkswzsYJz26M6l8mo=,C
eZGy4FRtF3VMVKj8VbDzBTboQubOO52tIqYJVOij0lE=,A
YGDkWRpa8VYYl4dR6r5QElvVSF3QnTGNJoxlkdI+a7M=,B
iKjzKZBLDvcEt1ED7kkKR0Iaxgij+VeK0tl0X6xYlFw=,C
R0yr4xfkCQdYxEnl1uD5NTVdlsI6AHJiYCdNUz+vslA=,A
udP6JlomgcOAUdreKb8+9bXWIq+eQ6pw2shdTr9KOx8=,B
kt0X4XUxsyFVaz2sOkSgi05NyHHBIeSfQ0SvMOaAc5E=,C
D++ZUl2i4tVdvwv97RtCwQa3YuXUaph08yODLtJxhkA=,A
C9MrKnrg/vpQ/TR3cLc+T/lVfgtR034WKjylah+Zz3k=,B
LShWMj92YL5hXgI5g9kmkisQxa/xcOyKNi6VZEbSB+8=,C
QLXb9MsjUQEKh8VfJEJ+J9cV77s5drMfKohH1bXfoc4=,A
CDnVN2FSNIR6a6cyhd8Gt7O12m5CiquhhqPu64foG60=,B
